epoch,time,train/box_loss,train/seg_loss,train/cls_loss,train/dfl_loss,metrics/precision(B),metrics/recall(B),metrics/mAP50(B),metrics/mAP50-95(B),metrics/precision(M),metrics/recall(M),metrics/mAP50(M),metrics/mAP50-95(M),val/box_loss,val/seg_loss,val/cls_loss,val/dfl_loss,lr/pg0,lr/pg1,lr/pg2
1,1030.12,1.20878,2.31652,0.94339,1.09747,0.61045,0.31461,0.33386,0.20756,0.45815,0.2427,0.23209,0.11596,1.15677,2.08992,0.74334,1.04926,0.00333295,0.00333295,0.00333295
1,1013.35,1.20878,2.31652,0.94339,1.09747,0.61045,0.31461,0.33386,0.20756,0.45815,0.2427,0.23209,0.11596,1.15677,2.08992,0.74334,1.04926,0.00333295,0.00333295,0.00333295
2,2464.41,1.14525,2.05677,0.77085,1.05393,0.50298,0.32189,0.3349,0.20767,0.36878,0.24453,0.2327,0.11532,1.15614,2.02009,0.73312,1.05188,0.00660029,0.00660029,0.00660029
3,3520.82,1.16852,2.06474,0.78902,1.0693,0.51624,0.31126,0.32996,0.2032,0.3678,0.23714,0.22585,0.11209,1.16534,2.00934,0.73056,1.06983,0.00980163,0.00980163,0.00980163
4,4454.36,1.15491,2.03319,0.7742,1.06874,0.59607,0.32005,0.33685,0.20855,0.46511,0.24038,0.23454,0.11666,1.11324,1.95332,0.69403,1.04906,0.009703,0.009703,0.009703
5,5389.44,1.10176,1.93396,0.72526,1.04717,0.61609,0.3309,0.35047,0.21756,0.46462,0.25077,0.24234,0.12074,1.09128,1.90837,0.67107,1.04064,0.009604,0.009604,0.009604
6,6323.32,1.06483,1.85895,0.69181,1.03206,0.62534,0.33794,0.36191,0.22503,0.47402,0.2536,0.24743,0.12354,1.07442,1.88161,0.65746,1.03446,0.009505,0.009505,0.009505
7,7255.52,1.04015,1.80365,0.66935,1.02219,0.63908,0.33917,0.36487,0.2276,0.48171,0.25729,0.25005,0.12418,1.07493,1.86551,0.64916,1.03796,0.009406,0.009406,0.009406
8,8180.96,1.01903,1.75335,0.65091,1.01316,0.62057,0.34611,0.36802,0.22961,0.47967,0.25763,0.2514,0.12503,1.06419,1.85878,0.64127,1.03446,0.009307,0.009307,0.009307
9,9105.28,1.00199,1.70896,0.63452,1.00503,0.62682,0.35065,0.3725,0.23277,0.48823,0.25976,0.25399,0.12614,1.06184,1.85732,0.63667,1.03375,0.009208,0.009208,0.009208
10,10029.7,0.98809,1.66872,0.62108,0.99899,0.62525,0.35299,0.37338,0.23329,0.47802,0.26479,0.2545,0.12671,1.05671,1.85854,0.63239,1.0317,0.009109,0.009109,0.009109
11,10952.9,0.97613,1.63479,0.61018,0.99395,0.62892,0.35468,0.37491,0.23446,0.48255,0.26354,0.25489,0.12706,1.0552,1.86294,0.62996,1.03219,0.00901,0.00901,0.00901
12,11878.2,0.96713,1.60781,0.60059,0.9884,0.62559,0.35453,0.37539,0.23474,0.47696,0.26272,0.25376,0.12675,1.05661,1.86948,0.62986,1.0341,0.008911,0.008911,0.008911
13,12803.6,0.95896,1.57927,0.59173,0.98361,0.62611,0.35355,0.37532,0.23464,0.4759,0.26289,0.25381,0.12694,1.05742,1.87678,0.6299,1.03529,0.008812,0.008812,0.008812
14,13727.6,0.94998,1.54445,0.58307,0.97902,0.62916,0.35418,0.37618,0.235,0.47429,0.26087,0.25312,0.12664,1.05825,1.8839,0.62956,1.03642,0.008713,0.008713,0.008713
15,14652.4,0.94068,1.51226,0.57504,0.97456,0.63141,0.3542,0.37684,0.23556,0.47969,0.25904,0.25361,0.12681,1.05745,1.89166,0.62848,1.03629,0.008614,0.008614,0.008614
16,15577.9,0.93297,1.48143,0.56806,0.97095,0.63199,0.35418,0.37682,0.23566,0.47987,0.25929,0.25343,0.12679,1.05894,1.89911,0.62829,1.03795,0.008515,0.008515,0.008515
17,16502.6,0.92602,1.45432,0.56106,0.96755,0.63134,0.3543,0.3765,0.23557,0.48419,0.25815,0.25361,0.12663,1.05952,1.9066,0.62805,1.03884,0.008416,0.008416,0.008416
18,17427.4,0.91762,1.42221,0.55421,0.96386,0.63222,0.35328,0.37635,0.2351,0.48229,0.25752,0.25296,0.12654,1.06014,1.91513,0.62829,1.03946,0.008317,0.008317,0.008317
19,18352.4,0.91094,1.39464,0.54826,0.96085,0.63316,0.35412,0.37595,0.23485,0.47756,0.25949,0.25341,0.1264,1.06266,1.92427,0.62903,1.04129,0.008218,0.008218,0.008218
20,19277.4,0.90356,1.36469,0.54182,0.95721,0.63457,0.3535,0.37599,0.23456,0.48411,0.25886,0.25327,0.12605,1.06584,1.93549,0.62966,1.0437,0.008119,0.008119,0.008119
21,20203.5,0.89841,1.33999,0.53687,0.95501,0.63395,0.35442,0.37618,0.23444,0.48337,0.25769,0.25298,0.12565,1.06987,1.94795,0.63068,1.0467,0.00802,0.00802,0.00802
22,21128.4,0.89241,1.31555,0.53217,0.9522,0.63483,0.3536,0.37671,0.2345,0.48839,0.25555,0.25273,0.12557,1.07253,1.95993,0.63104,1.0489,0.007921,0.007921,0.007921
23,22052.6,0.88737,1.29194,0.52752,0.95003,0.63605,0.35333,0.37683,0.23399,0.48973,0.25429,0.25181,0.12526,1.07419,1.97221,0.63106,1.05041,0.007822,0.007822,0.007822
24,22977.1,0.88245,1.26961,0.52338,0.94688,0.63411,0.35465,0.37676,0.23373,0.48689,0.25537,0.25152,0.12486,1.07777,1.98598,0.63161,1.05324,0.007723,0.007723,0.007723
25,23900.5,0.8756,1.24132,0.51823,0.94443,0.63558,0.35483,0.37678,0.23377,0.48526,0.25563,0.25116,0.12451,1.08093,1.99984,0.63189,1.05553,0.007624,0.007624,0.007624
26,24824.2,0.87102,1.22267,0.51424,0.94235,0.63284,0.35572,0.37661,0.23349,0.48612,0.25417,0.25137,0.12438,1.08348,2.01491,0.63191,1.05742,0.007525,0.007525,0.007525
27,25747.6,0.86605,1.19864,0.50983,0.93978,0.63993,0.35437,0.37751,0.2337,0.4804,0.25757,0.25197,0.12442,1.08671,2.03021,0.63225,1.06,0.007426,0.007426,0.007426
28,26671.5,0.8612,1.17913,0.50545,0.93759,0.63305,0.35746,0.37788,0.23357,0.476,0.25883,0.25184,0.12412,1.08864,2.04661,0.63226,1.06136,0.007327,0.007327,0.007327
29,27595.1,0.85595,1.16004,0.50192,0.93558,0.6316,0.35884,0.37812,0.2334,0.4785,0.25808,0.25183,0.12404,1.09023,2.06281,0.63205,1.06306,0.007228,0.007228,0.007228
30,28518.8,0.85213,1.14119,0.49855,0.93358,0.63255,0.35844,0.37751,0.23319,0.47004,0.25856,0.25049,0.12382,1.09264,2.08014,0.63225,1.06516,0.007129,0.007129,0.007129
31,29442.2,0.84762,1.12474,0.49475,0.93139,0.63233,0.3587,0.37754,0.23277,0.47495,0.25755,0.25037,0.12359,1.09509,2.09827,0.63273,1.06713,0.00703,0.00703,0.00703
32,30365.3,0.84335,1.10378,0.49103,0.92947,0.63597,0.35792,0.37741,0.23266,0.47504,0.2574,0.25059,0.12359,1.09723,2.11605,0.63271,1.06896,0.006931,0.006931,0.006931
33,31288.4,0.83897,1.08818,0.48771,0.92759,0.63013,0.35844,0.37736,0.23262,0.47563,0.25639,0.24989,0.12328,1.09953,2.13474,0.63293,1.07076,0.006832,0.006832,0.006832
34,32211.3,0.83535,1.07549,0.4845,0.92618,0.62992,0.35898,0.37675,0.23212,0.46673,0.2598,0.25013,0.12312,1.10124,2.15432,0.63319,1.07228,0.006733,0.006733,0.006733
35,33134.4,0.83108,1.05782,0.481,0.92426,0.63246,0.35844,0.3769,0.23171,0.47012,0.25794,0.24952,0.12275,1.10286,2.17445,0.63318,1.07357,0.006634,0.006634,0.006634
36,34057.5,0.82662,1.04181,0.47808,0.92244,0.63201,0.35762,0.37584,0.23109,0.46547,0.25801,0.2487,0.12218,1.10411,2.19513,0.63349,1.07476,0.006535,0.006535,0.006535
37,34981.2,0.82169,1.02579,0.47364,0.92006,0.63394,0.35711,0.37559,0.23083,0.46623,0.2582,0.24861,0.12204,1.10588,2.21534,0.63397,1.07618,0.006436,0.006436,0.006436
38,35904.8,0.81865,1.01208,0.47149,0.91853,0.63518,0.35672,0.37539,0.23045,0.46615,0.25745,0.24738,0.12161,1.10783,2.2366,0.63448,1.07762,0.006337,0.006337,0.006337
39,36827.9,0.81369,0.99465,0.46794,0.91663,0.6371,0.35565,0.37458,0.23,0.46581,0.25762,0.24756,0.12159,1.11035,2.25843,0.63523,1.07965,0.006238,0.006238,0.006238
40,37750.7,0.80918,0.98119,0.46436,0.91489,0.63967,0.35472,0.37414,0.2294,0.46808,0.25726,0.24781,0.12134,1.11264,2.28026,0.63612,1.08181,0.006139,0.006139,0.006139
41,38674.1,0.80521,0.96916,0.46124,0.91374,0.63661,0.35642,0.37351,0.22873,0.46579,0.25951,0.24778,0.12107,1.11363,2.30197,0.63653,1.08274,0.00604,0.00604,0.00604
42,39596.8,0.80123,0.95612,0.4582,0.91164,0.63372,0.3561,0.37269,0.22827,0.46151,0.25979,0.24693,0.12059,1.11592,2.3231,0.63736,1.08495,0.005941,0.005941,0.005941
43,40518.9,0.79667,0.93904,0.4547,0.90921,0.63225,0.35606,0.3718,0.22794,0.46307,0.26045,0.24682,0.12034,1.1176,2.34584,0.63812,1.08656,0.005842,0.005842,0.005842
44,41441.3,0.79264,0.92657,0.45205,0.90762,0.62824,0.35669,0.37129,0.22752,0.46243,0.25859,0.24526,0.11952,1.11958,2.36753,0.6391,1.08851,0.005743,0.005743,0.005743
45,42362.8,0.78787,0.91379,0.44822,0.90599,0.63124,0.35362,0.37053,0.22651,0.4616,0.25663,0.24391,0.11914,1.122,2.38983,0.64036,1.09076,0.005644,0.005644,0.005644
46,43284,0.78345,0.89709,0.4446,0.90387,0.62436,0.35437,0.36986,0.22585,0.45985,0.25628,0.24323,0.11885,1.12256,2.41231,0.6408,1.0914,0.005545,0.005545,0.005545
